{"stats":{"minecraft:dropped":{"minecraft:stone_sword":3,"minecraft:wooden_pickaxe":2},"minecraft:killed":{"minecraft:skeleton":2,"hmag:zombie_girl":2,"minecraft:pig":4,"enemyexpansion:sprinter":2,"enemyexpansion:direwolf":2,"minecraft:cow":8},"minecraft:mined":{"minecraft:furnace":1,"iceandfire:silver_ore":3,"minecraft:crafting_table":3,"minecraft:grass":4,"minecraft:grass_block":4,"minecraft:oak_log":13,"minecraft:dirt":13,"minecraft:tall_grass":2,"minecraft:stone":38,"minecraft:oak_leaves":1},"minecraft:picked_up":{"minecraft:crafting_table":3,"minecraft:leather":5,"minecraft:wooden_pickaxe":1,"iceandfire:silver_ore":3,"minecraft:porkchop":6,"minecraft:oak_log":13,"minecraft:string":2,"minecraft:dirt":29,"minecraft:stone_sword":2,"minecraft:arrow":4,"minecraft:bone":3,"minecraft:rotten_flesh":3,"minecraft:wheat_seeds":3,"minecraft:beef":8,"minecraft:oak_planks":6,"minecraft:furnace":1,"minecraft:cobblestone":37,"minecraft:egg":1},"minecraft:custom":{"minecraft:time_since_rest":5648,"minecraft:interact_with_furnace":3,"minecraft:sprint_one_cm":61184,"minecraft:damage_taken":1064,"minecraft:walk_one_cm":55228,"minecraft:mob_kills":10,"minecraft:drop":5,"minecraft:damage_dealt":1822,"minecraft:swim_one_cm":11731,"minecraft:interact_with_crafting_table":8,"minecraft:fly_one_cm":77722,"minecraft:open_chest":1,"minecraft:crouch_one_cm":266,"minecraft:play_time":24385,"tombstone:undead_killed":3,"minecraft:deaths":4,"minecraft:sneak_time":121,"minecraft:walk_under_water_one_cm":3300,"minecraft:jump":329,"minecraft:walk_on_water_one_cm":9854,"minecraft:time_since_death":7068,"minecraft:total_world_time":24385,"minecraft:fall_one_cm":5537},"minecraft:used":{"minecraft:stone_sword":34,"minecraft:stone_pickaxe":39,"minecraft:stone_shovel":18,"minecraft:wooden_pickaxe":3,"minecraft:stone_axe":18,"minecraft:dirt":1,"minecraft:crafting_table":4,"minecraft:furnace":2,"tombstone:gift":1,"minecraft:egg":1},"minecraft:crafted":{"minecraft:cooked_beef":5,"minecraft:oak_planks":52,"minecraft:stone_shovel":1,"iceandfire:silver_ingot":3,"minecraft:crafting_table":2,"minecraft:stick":24,"minecraft:wooden_pickaxe":1,"minecraft:stone_pickaxe":1,"minecraft:stone_sword":1,"minecraft:furnace":2,"iceandfire:silver_sword":1,"minecraft:stone_axe":1},"minecraft:killed_by":{"hmag:harpy":1,"enemyexpansion:sprinter":1,"enemyexpansion:huntsman":1,"minecraft:skeleton":1}},"DataVersion":3120}