{"stats":{"minecraft:dropped":{"tombstone:grave_key":1,"simpletomb:grave_key":1,"tombstone:grave_dust":1,"minecraft:wooden_pickaxe":2,"minecraft:egg":1},"minecraft:killed":{"minecraft:sheep":14,"hmag:harpy":2,"minecraft:pig":4,"hmag:catoblepas":2,"minecraft:cow":14},"minecraft:mined":{"minecraft:furnace":1,"minecraft:crafting_table":2,"minecraft:grass":10,"minecraft:grass_block":2,"minecraft:oak_log":21,"minecraft:dirt":9,"minecraft:tall_grass":1,"minecraft:copper_ore":1,"minecraft:cobblestone":5,"minecraft:stone":69,"minecraft:oak_leaves":6},"minecraft:picked_up":{"minecraft:stick":13,"minecraft:crafting_table":2,"hmag:copper_nugget":1,"minecraft:feather":1,"minecraft:leather":6,"minecraft:wooden_pickaxe":1,"minecraft:porkchop":3,"minecraft:oak_log":32,"minecraft:dirt":10,"minecraft:raw_copper":2,"minecraft:arrow":2,"hmag:randomberry":2,"minecraft:beef":18,"dynamictrees:oak_seed":4,"minecraft:light_gray_wool":1,"minecraft:oak_sapling":1,"minecraft:mutton":12,"minecraft:white_wool":6,"minecraft:furnace":1,"minecraft:oak_planks":1,"minecraft:cobblestone":75,"minecraft:egg":3},"minecraft:custom":{"minecraft:time_since_rest":11896,"minecraft:interact_with_furnace":4,"minecraft:sprint_one_cm":81828,"minecraft:damage_taken":949,"minecraft:walk_one_cm":84729,"minecraft:mob_kills":18,"minecraft:drop":6,"minecraft:damage_dealt":2448,"minecraft:swim_one_cm":7220,"minecraft:interact_with_crafting_table":6,"minecraft:fly_one_cm":108041,"minecraft:crouch_one_cm":3377,"minecraft:play_time":37479,"minecraft:deaths":2,"minecraft:sneak_time":1121,"minecraft:walk_under_water_one_cm":5475,"minecraft:jump":487,"minecraft:leave_game":6,"minecraft:walk_on_water_one_cm":4627,"minecraft:time_since_death":12603,"minecraft:total_world_time":37479,"minecraft:fall_one_cm":13445},"minecraft:used":{"minecraft:stone_sword":54,"minecraft:stone_pickaxe":82,"minecraft:oak_planks":1,"minecraft:wooden_pickaxe":6,"minecraft:stone_axe":18,"immersive_armors:wooden_chestplate":1,"minecraft:cobblestone":59,"minecraft:crafting_table":3,"minecraft:furnace":1,"tombstone:gift":2,"minecraft:egg":1,"minecraft:cooked_beef":3},"minecraft:crafted":{"minecraft:cooked_beef":10,"minecraft:oak_planks":28,"minecraft:crafting_table":2,"minecraft:stick":8,"minecraft:wooden_pickaxe":1,"minecraft:stone_pickaxe":1,"minecraft:stone_sword":1,"minecraft:furnace":1,"minecraft:stone_axe":1,"immersive_armors:wooden_chestplate":1},"minecraft:killed_by":{"hmag:skeleton_girl":1}},"DataVersion":3120}